corpus,type,section,category,raw_count,total_words,per_1000
2008,activity,pedagogical,form,115,4384,26.23
2008,activity,pedagogical,meaning,258,4384,58.85
2008,activity,sousetsu,form,9,1674,5.38
2008,activity,sousetsu,meaning,41,1674,24.49
2017,activity,pedagogical,form,338,11906,28.39
2017,activity,pedagogical,meaning,675,11906,56.69
2017,activity,sousetsu,form,28,2272,12.32
2017,activity,sousetsu,meaning,79,2272,34.77
2017,subject,pedagogical,form,896,19166,46.75
2017,subject,pedagogical,meaning,828,19166,43.2
2017,subject,sousetsu,form,34,2233,15.23
2017,subject,sousetsu,meaning,79,2233,35.38
